timestamp,scene,phase,score,key_events,event,reasoning,commentary
0.0s,"{
  ""scene_type"": ""abstract_background"",
  ""objects"": [],
  ""people"": [],
  ""activity"": ""static_geometric_pattern""
}",kickoff,0-0,,"**Event Detected: Scene transition**

**Reasoning:**  
The frame describes an ""abstract_background"" with no objects or people present, and the activity is labeled as ""static_geometric_pattern."" This suggests a non-dynamic, possibly transitional or placeholder scene. Given the lack of meaningful activity or entities, the most appropriate general event is **Scene transition**, indicating a shift in visual context or setting (e.g., from a previous scene to a neutral or abstract background).

**Note:** No other event types (sports, traffic, security, drone) are applicable due to absence of relevant entities or actions.",,
2.9s,"{
  ""scene_type"": ""sports broadcast graphic"",
  ""objects"": [
    ""AS Roma logo"",
    ""Hellas Verona FC logo"",
    ""Serie A logo"",
    ""1XBET logo"",
    ""text labels: 'ROUND 21', 'ROMA', 'VERONA', 'INTERNATIONAL PARTNER'""
  ],
  ""people"": [],
  ""activity"": ""displaying a match preview or promotional graphic for a Serie A football match between Roma and Verona in Round 21, sponsored by 1XBET""
}",kickoff,0-0,,"**Detected Event: Match Preview Display**

**Category:** Sports  
**Event Type:** Match Announcement / Promotion  
**Description:** The frame displays a promotional graphic for an upcoming Serie A football match between AS Roma and Hellas Verona FC in Round 21. The presence of team logos, league branding (Serie A), and sponsor (1XBET) indicates a pre-match broadcast segment or promotional content. No live action or gameplay is occurring.

**Meaningful Event Tags:**
- Match Preview
- Team Announcement
- Sponsor Display
- Broadcast Graphic

**Note:** This is not a live event (e.g., goal, foul), but a contextual setup for an upcoming match — a meaningful event in the context of sports broadcasting.",,
8.0s,"{
  ""scene_type"": ""football stadium during pre-match or halftime ceremony"",
  ""objects"": [
    ""Serie A TIM backdrop"",
    ""football pitch"",
    ""stadium seating (filled with spectators)"",
    ""referee's uniform (yellow jersey, black shorts)"",
    ""player's jersey (red with yellow stripes)"",
    ""blue jacket (likely team staff or coach)"",
    ""microphone or communication device (on referee's wrist)""
  ],
  ""people"": [
    {
      ""role"": ""referee"",
      ""description"": ""man in bright yellow jersey with 'GIVOVÁ' and Serie A logo, black shorts, speaking and gesturing""
    },
    {
      ""role"": ""football player"",
      ""description"": ""man in red jersey with yellow stripes, visible tattoos on arm, standing and listening""
    },
    {
      ""role"": ""team staff or coach"",
      ""description"": ""man in blue jacket, white pants, holding a silver bag, gesturing while speaking to referee""
    },
    {
      ""role"": ""assistant referee"",
      ""description"": ""partially visible behind referee, wearing same yellow uniform""
    }
  ],
  ""activity"": ""pre-match or halftime interaction between referee and team representatives, likely discussing match procedures or player substitutions, taking place in front of the official Serie A TIM backdrop on the football field""
}",kickoff,0-0,,"**Detected Meaningful Event:**

**Event Type:** *Pre-match or Halftime Ceremony Interaction*

**Description:**  
A formal interaction is occurring between the referee and team representatives (including a player and coach/staff) on the football pitch, in front of the official **Serie A TIM backdrop**. The referee, identifiable by his yellow uniform and communication device, is actively speaking and gesturing, indicating a discussion likely concerning match procedures, player substitutions, or pre-game protocols. The presence of a player in team jersey and a coach in blue jacket suggests this is an official team-referee exchange, possibly during pre-match preparations or halftime.

**Sub-events / Key Observations:**
- **Referee Communication:** The referee is speaking and gesturing, indicating active dialogue.
- **Team Representation:** Both a player and coaching staff are present, suggesting official team involvement.
- **Ceremonial Setting:** The backdrop and formal positioning imply this is a structured, official event (not spontaneous).
- **Potential Substitution or Rule Clarification:** The interaction may involve player substitutions, injury reports, or procedural clarifications.

**Contextual Significance:**  
This is a **meaningful event** in the context of a football match, as it represents an official procedural moment that can influence the game’s flow (e.g., substitutions, player eligibility, or rule enforcement). It is distinct from regular gameplay and falls under **pre-match/halftime ceremony** — a key phase in sports event structure.

---

✅ **Event Label:** *Pre-match/Halftime Ceremony Interaction*  
📌 **Category:** *Sports*  
🔍 **Subtype:** *Match Procedure Discussion*  
📍 **Location:** *Football pitch, in front of Serie A TIM backdrop*  
👥 **Participants:** Referee, Player, Team Staff/Coach, Assistant Referee",,
20.9s,"{
  ""scene_type"": ""sports field"",
  ""objects"": [
    ""football jersey"",
    ""tattoo"",
    ""wristband"",
    ""logo (Serie A)""
  ],
  ""people"": [
    {
      ""name"": ""Suslov"",
      ""jersey_number"": 31,
      ""team"": ""Serie A team (likely Atalanta, based on jersey design and sponsor)"",
      ""position"": ""back view"",
      ""details"": ""Wearing a white jersey with blue trim, has a tattoo on the right forearm, wearing a white wristband, and appears to be walking or gesturing on the field.""
    }
  ],
  ""activity"": ""football player walking or gesturing on the field during a match, likely in a moment of communication or reaction during play.""
}",kickoff,0-0,,"**Detected Event: Action change**

**Reasoning:**
The frame describes a football player (Suslov, #31) in a moment of movement — specifically, ""walking or gesturing on the field"" — during a match. This indicates a shift in behavior or physical state from a prior static or different action (e.g., standing, running, or playing actively). The context of ""communication or reaction during play"" suggests a meaningful behavioral change, likely in response to an event in the game (e.g., a foul, goal, or tactical adjustment).

While no explicit event like a *goal* or *foul* is directly stated, the player’s gesture and movement imply a reaction to an ongoing or recent game event. Therefore, the most appropriate general-level event is:

> **Action change**

This captures the shift in the player’s behavior and aligns with the ""General"" category of meaningful events. If more context were available (e.g., prior frame showing the player running, then stopping to gesture), it would strengthen the classification. But based on the current frame, **Action change** is the most accurate and meaningful detection.",,
29.6s,"{
  ""scene_type"": ""football match"",
  ""objects"": [
    ""football goal"",
    ""advertising boards"",
    ""football field"",
    ""corner flag"",
    ""camera equipment"",
    ""scoreboard""
  ],
  ""people"": [
    ""football players (in red and white kits)"",
    ""referee (in yellow)"",
    ""goalkeeper (in black)"",
    ""stadium staff (in high-visibility vests)"",
    ""spectators (in stands)""
  ],
  ""activity"": ""A football match between ROM and VER is in progress, score 0-0 at 18:53. A player in red is running near the goal area, while players in white are positioned near the penalty box. The goalkeeper is on the ground, possibly after a save or collision. The referee is observing the play from a distance. The scene suggests a moment of action or recovery after a shot or corner.""
}",kickoff,0-0,,"**Detected Meaningful Event: Goal Attempt or Save**

**Event Type:** Sports — *Goal Attempt / Save*

**Evidence from Frame:**
- A player in red is running near the goal area — suggests an offensive action.
- Players in white are positioned near the penalty box — defensive positioning.
- The goalkeeper is on the ground — strongly indicates a recent save or collision, likely after a shot or corner.
- The referee is observing from a distance — typical during or immediately after a critical play.
- Score is 0-0 at 18:53 — context of a competitive match with no goals yet.

**Inference:**
This frame captures a moment immediately following a goal attempt. The goalkeeper’s position on the ground suggests a save was made, or a collision occurred during a shot or corner kick. The player in red’s proximity to the goal and the defensive setup indicate an active attacking phase.

**Possible Sub-events:**
- **Save by goalkeeper** (most likely)
- **Missed shot or blocked attempt**
- **Corner kick in progress or just completed**

**Recommendation:**
Flag as **""Goal Attempt / Save""** — a high-impact event in football, even if no goal was scored. This is a meaningful event for sports analysis, highlight generation, or real-time commentary.",,
38.8s,"{
  ""scene_type"": ""football match"",
  ""objects"": [
    ""football"",
    ""goalpost (implied)"",
    ""advertising boards"",
    ""stadium seating""
  ],
  ""people"": [
    {
      ""role"": ""football player"",
      ""team"": ""red and yellow"",
      ""jersey_number"": 9,
      ""action"": ""kicking the ball while being tackled""
    },
    {
      ""role"": ""football player"",
      ""team"": ""white"",
      ""action"": ""diving to tackle the player in red""
    },
    {
      ""role"": ""football player"",
      ""team"": ""white"",
      ""action"": ""running towards the play""
    },
    {
      ""role"": ""football player"",
      ""team"": ""red and yellow"",
      ""action"": ""running in the background""
    },
    {
      ""role"": ""football player"",
      ""team"": ""white"",
      ""action"": ""standing and observing""
    },
    {
      ""role"": ""spectators"",
      ""location"": ""stadium stands"",
      ""action"": ""watching the match""
    }
  ],
  ""activity"": ""A football player in a red and yellow jersey (number 9) is attempting to control or kick the ball while being tackled by an opponent in a white jersey who is diving. Other players from both teams are nearby, reacting to the play. The scene takes place during a live Serie A match in a packed stadium.""
}",kickoff,0-0,,"**Detected Meaningful Event:**

- **Foul** — A player in a white jersey is diving to tackle the player in red and yellow (number 9) who is in possession of the ball. The tackle appears to be aggressive and potentially illegal (e.g., sliding tackle from behind or excessive force), which constitutes a **foul** in football.

- **Action Change** — The play has shifted from ball control/advancement to a physical challenge, indicating a dynamic shift in the game’s flow.

- **Player Interaction** — Direct physical confrontation between two players, with one attempting to retain possession and the other attempting to dispossess via tackle.

- **Scene Context** — Occurring during a live Serie A match in a packed stadium, suggesting high stakes and potential for referee intervention.

> **Primary Event**: **Foul** (due to the diving tackle during active play)  
> **Secondary Events**: Action change, player interaction, potential referee decision pending.",,
49.4s,"{
  ""scene_type"": ""football match"",
  ""objects"": [
    ""football field"",
    ""goal line"",
    ""advertising boards"",
    ""scoreboard"",
    ""football""
  ],
  ""people"": [
    {
      ""team"": ""ROM"",
      ""jersey_color"": ""white"",
      ""players"": [
        {
          ""number"": 38,
          ""action"": ""running with the ball""
        },
        {
          ""number"": 9,
          ""action"": ""running towards the ball""
        },
        {
          ""number"": 3,
          ""action"": ""positioning in midfield""
        },
        {
          ""number"": 1,
          ""action"": ""goalkeeper, standing near goal""
        }
      ]
    },
    {
      ""team"": ""VER"",
      ""jersey_color"": ""red"",
      ""players"": [
        {
          ""number"": 92,
          ""action"": ""defending, chasing player 38""
        },
        {
          ""number"": 10,
          ""action"": ""running in midfield""
        },
        {
          ""number"": 7,
          ""action"": ""positioning near the center circle""
        },
        {
          ""number"": 22,
          ""action"": ""running towards the ball""
        }
      ]
    },
    {
      ""role"": ""referee"",
      ""jersey_color"": ""yellow"",
      ""action"": ""running near the sideline""
    }
  ],
  ""activity"": ""ROM player #38 is in possession of the ball and advancing towards the opponent's half, being closely marked by VER player #92. Other players from both teams are positioning themselves strategically across the field. The match is in the 24th minute, with ROM leading 1-0. The game is part of Serie A, as indicated by the logo in the corner.""
}",kickoff,0-0,,"**Detected Meaningful Event:**

- **Action Change**: ROM player #38 is advancing with the ball toward the opponent’s half, indicating a shift in offensive momentum.
- **Player Interaction**: VER player #92 is actively defending and chasing player #38, suggesting a direct one-on-one challenge.
- **Strategic Positioning**: Multiple players from both teams are repositioning across the field, indicating dynamic tactical movement.
- **Score Context**: ROM leads 1-0 in the 24th minute, adding significance to the current offensive push.
- **Scene Continuity**: The match is ongoing in a professional setting (Serie A), with no indication of a scene transition or stoppage.

**Primary Event**:  
✅ **Offensive Advance** — ROM player #38 is driving forward with the ball under pressure from VER defender #92, potentially leading to a scoring opportunity.

**Secondary Events**:  
- **Defensive Pressure** — VER player #92 is actively marking the ball carrier.
- **Team Reorganization** — Players from both teams are adjusting positions, indicating evolving game dynamics.

**No critical events detected** (e.g., goal, foul, accident, intrusion).  
**Event Type**: *Sports — Action Change / Offensive Play*",,
62.4s,"{
  ""scene_type"": ""football match"",
  ""objects"": [
    ""football"",
    ""goalpost"",
    ""net"",
    ""field"",
    ""white lines""
  ],
  ""people"": [
    {
      ""role"": ""goalkeeper"",
      ""position"": ""near goalpost"",
      ""clothing"": ""black and yellow kit"",
      ""action"": ""standing, observing""
    },
    {
      ""role"": ""player"",
      ""team"": ""red kit"",
      ""position"": ""near penalty area"",
      ""action"": ""controlling the ball with feet""
    },
    {
      ""role"": ""player"",
      ""team"": ""white kit"",
      ""position"": ""midfield"",
      ""action"": ""running towards the ball""
    },
    {
      ""role"": ""player"",
      ""team"": ""white kit"",
      ""position"": ""near sideline"",
      ""action"": ""running""
    },
    {
      ""role"": ""player"",
      ""team"": ""white kit"",
      ""position"": ""near goal area"",
      ""action"": ""running towards the goal""
    },
    {
      ""role"": ""player"",
      ""team"": ""red kit"",
      ""position"": ""left side of penalty area"",
      ""action"": ""running""
    },
    {
      ""role"": ""spectator/staff"",
      ""position"": ""near sideline"",
      ""action"": ""standing""
    }
  ],
  ""activity"": ""A football match is in progress. A player in a red kit is in possession of the ball near the penalty area, while players in white kits are approaching to defend. The goalkeeper is positioned near the goal, ready to react. The scene suggests an attacking phase by the red team.""
}",kickoff,0-0,,"**Detected Meaningful Event:**

✅ **Goal Attempt / Attack in Progress**

**Reasoning:**
- A player in a **red kit** is **controlling the ball near the penalty area**, which is a high-scoring zone.
- Multiple **defenders in white kits** are **running towards the ball** or **towards the goal**, indicating defensive response to an attack.
- The **goalkeeper is positioned near the goalpost and observing**, suggesting readiness to react — typical during an attacking phase.
- The **overall activity** describes an **attacking phase by the red team**, with the ball in a dangerous area.

**Event Classification:**
- **Sports → Goal Attempt / Attack Phase**

> This is not yet a *goal* (no indication of ball entering net), but it is a **meaningful event** — a **critical attacking moment** that could lead to a goal, foul, or turnover. It represents a **shift in game dynamics** and is worth tracking for real-time analysis or highlight generation.

---

**Additional Notes:**
- If the next frame shows the ball entering the net → **Goal**.
- If a defender commits a foul during this phase → **Foul**.
- If the goalkeeper makes a save → **Save** (if tracked).

✅ **Recommended Label:** `Attack in Progress` (or `Goal Attempt`)",,
74.6s,"{
  ""scene_type"": ""football match"",
  ""objects"": [
    ""football field"",
    ""goalpost"",
    ""advertising boards"",
    ""scoreboard"",
    ""football"",
    ""referee"",
    ""substitute bench""
  ],
  ""people"": [
    ""football players (in red and white kits)"",
    ""goalkeeper (in black kit)"",
    ""referee (in yellow kit)"",
    ""spectators in stands"",
    ""match officials on sidelines""
  ],
  ""activity"": ""The match is in progress with Roma leading 2-0 against Verona at 29:07 minutes. Players are positioned in the attacking half, with the ball near the center circle. A player in white (number 27) appears to be controlling the ball, while players from both teams are spread out, preparing for the next phase of play. The goalkeeper is positioned near the goal, ready to react. The scene suggests a moment of transition or buildup in play.""
}",kickoff,0-0,,"**Detected Meaningful Event:**

- **Action Change** – The ball is near the center circle, and a player in white (number 27) is controlling it, indicating a shift from defensive to offensive buildup or transition phase in play.

- **Scene Transition** – The match is progressing from a previous phase (possibly a defensive or attacking sequence) into a new phase of play, with players repositioning and preparing for the next move.

- **General Activity Update** – The score remains 2-0 to Roma at 29:07 minutes, suggesting the match is in the first half and the leading team is maintaining control.

**Note:** No immediate high-impact events like *Goal*, *Foul*, or *Accident* are detected in this frame. The scene reflects normal gameplay with a focus on transition and positioning.",,
82.9s,"{
  ""scene_type"": ""football match"",
  ""objects"": [
    ""football"",
    ""goalpost"",
    ""goal net"",
    ""stadium seats"",
    ""advertising boards""
  ],
  ""people"": [
    ""football player in white jersey (standing)"",
    ""football player in red jersey (diving)"",
    ""goalkeeper in black jersey (diving)"",
    ""spectators in stands"",
    ""stadium staff (in yellow vests)""
  ],
  ""activity"": ""A football player in red is diving to intercept or kick the ball near the goal line, while a player in white stands nearby. The goalkeeper is diving to the right, attempting to save the ball. The scene suggests a critical moment near the goal during a Serie A match.""
}",kickoff,0-0,,"**Detected Event: Goal Attempt**

**Reasoning:**
- A football player in red is diving to intercept or kick the ball near the goal line — this indicates an offensive action aimed at scoring.
- The goalkeeper is diving to the right in an attempt to save — a clear defensive response to a shot on goal.
- The presence of the goalpost, goal net, and proximity to the goal line confirms the location is critical for scoring.
- The activity description explicitly mentions a “critical moment near the goal,” which aligns with a goal attempt.

**Event Type:** Sports → **Goal Attempt**

*(Note: If the ball enters the net, it would be a ""Goal"". Since the frame does not confirm the outcome, ""Goal Attempt"" is the most accurate and meaningful event detected.)*",,
90.0s,"{
  ""scene_type"": ""football match"",
  ""objects"": [
    ""football field"",
    ""goal area"",
    ""advertising boards"",
    ""scoreboard"",
    ""referee"",
    ""players"",
    ""spectators""
  ],
  ""people"": [
    {
      ""role"": ""referee"",
      ""description"": ""wearing yellow jersey and black shorts, standing near the center of the field""
    },
    {
      ""role"": ""player"",
      ""team"": ""ROM"",
      ""jersey_color"": ""red"",
      ""count"": 7,
      ""description"": ""players in red jerseys spread across the field, some near the center circle, others advancing toward the opponent's half""
    },
    {
      ""role"": ""player"",
      ""team"": ""VER"",
      ""jersey_color"": ""white"",
      ""count"": 6,
      ""description"": ""players in white jerseys positioned defensively, some near the midfield, others near the opponent's half""
    },
    {
      ""role"": ""spectator"",
      ""description"": ""crowd visible in the stands behind the advertising boards""
    },
    {
      ""role"": ""coach/staff"",
      ""description"": ""person in a blue jacket standing near the sideline, likely a coach or team staff""
    }
  ],
  ""activity"": ""The match is in progress with Roma leading 2-0 against Verona at 55:20 minutes. Players from both teams are positioned across the field, with Roma in possession or transitioning, and Verona defending. The referee is observing the play from the center. The game appears to be in a midfield phase with no immediate scoring opportunity visible.""
}",kickoff,0-0,,"**Detected Meaningful Event:**

- **Score Update / Goal Event (Implied)**  
  *Roma leading 2-0 at 55:20 minutes* — This indicates that at least two goals have been scored by Roma, which is a significant event in a football match. While the frame does not explicitly describe a goal being scored *in this moment*, the scoreline reflects a past event that has shaped the current state of the game.

- **Possession Transition / Midfield Phase**  
  *Roma in possession or transitioning, Verona defending* — This reflects a meaningful tactical phase in the match. The shift in control from defense to attack (or vice versa) is a key event in football dynamics.

- **Referee Observation / Game Flow Monitoring**  
  *Referee observing play from the center* — While routine, the referee’s positioning and focus indicate active monitoring of the game, which may precede or follow a foul, offside, or other officiating decision.

- **Coach/Staff Presence / Tactical Oversight**  
  *Coach or staff in blue jacket near sideline* — This is a contextual event indicating ongoing tactical management, which may influence upcoming play decisions.

---

**Summary of Meaningful Events:**

✅ **Goal (past event)** — Roma 2-0 Verona (implied from score)  
✅ **Possession Transition** — Roma advancing, Verona defending  
✅ **Midfield Phase** — Game in active midfield play, no immediate scoring threat  
✅ **Referee Monitoring** — Central positioning suggests active game oversight  
✅ **Coach/Staff Engagement** — Tactical presence on sideline

> **Note**: No *current* goal, foul, or accident is occurring in this frame, but the scoreline and team positions indicate a meaningful *state* resulting from prior events. The most significant event detected is the **scoreline reflecting past goals**.",,
104.9s,"{
  ""scene_type"": ""football match"",
  ""objects"": [
    ""goalpost"",
    ""net"",
    ""football"",
    ""advertising boards"",
    ""stadium seating"",
    ""flags""
  ],
  ""people"": [
    ""goalkeeper (green jersey)"",
    ""defender (red jersey, #3)"",
    ""defender (white jersey, #20)"",
    ""defender (white jersey, #17)"",
    ""attacker (red jersey, #52)"",
    ""referee (yellow jersey)"",
    ""player on the ground (white jersey)"",
    ""spectators in stands""
  ],
  ""activity"": ""A shot on goal is being taken or has just been taken, with the goalkeeper diving to his right to save the ball. A player in white is on the ground near the goal line, possibly having attempted a shot or been tackled. Other players are positioned around the goal area, reacting to the play. The referee is observing closely. The scene suggests a critical moment in the match, likely during a scoring attempt.""
}",kickoff,0-0,,"**Detected Meaningful Event: Goal Attempt / Shot on Goal**

**Event Type:** Sports — Goal Attempt

**Description:**  
A critical moment in the football match is occurring, centered around a shot on goal. The goalkeeper (in green jersey) is diving to his right in an attempt to save the ball, indicating a direct scoring attempt. A player in white jersey is on the ground near the goal line, possibly having taken the shot or been tackled during the play. Other players and the referee are actively reacting, suggesting high intensity and potential scoring opportunity.

**Supporting Evidence:**
- Goalkeeper diving — typical response to a shot on goal.
- Player on the ground near goal line — likely involved in the scoring attempt.
- Players positioned around goal area — reacting to the play.
- Referee observing closely — indicates importance of the moment.

**Possible Outcomes:**
- Goal scored (if ball enters net).
- Save by goalkeeper.
- Offside or foul (if player on ground was fouled or offside).

**Recommendation:**  
Monitor the next frame to determine if the ball entered the net (goal) or was saved. This event is a high-impact moment in the match and should be flagged for further analysis or highlight generation.",,
114.5s,"{
  ""scene_type"": ""football match"",
  ""objects"": [
    ""football goal"",
    ""advertising boards (betway, 1XBET, Auberge Resorts)"",
    ""football field"",
    ""scoreboard"",
    ""referee"",
    ""camera operator"",
    ""substitute bench area""
  ],
  ""people"": [
    ""football players (in red and white kits)"",
    ""goalkeeper (in green kit)"",
    ""referee (in yellow kit)"",
    ""camera operator (with camera on shoulder)"",
    ""spectators (in background)""
  ],
  ""activity"": ""The match is in progress with Roma leading 2-0 against Verona at 62:02 minutes. Players are positioned in the attacking half, with Verona players appearing dejected, particularly one player bending over near the penalty area. The referee is interacting with a player near the center circle. The scene suggests a pause or moment of low intensity after a goal or during a stoppage in play.""
}",kickoff,0-0,,"**Detected Meaningful Event: Goal**

**Justification:**
- The scoreboard indicates Roma is leading 2-0, suggesting at least one goal has been scored.
- The activity description notes ""Verona players appearing dejected, particularly one player bending over near the penalty area"" — a common behavioral cue after conceding a goal.
- The match is at 62:02 minutes, and the scene suggests a pause or low-intensity moment, which often follows a goal.
- The referee is interacting with a player near the center circle, possibly during a stoppage or restart after a goal.

This aligns with the **Sports** category event: **Goal**.",,
122.2s,"{
  ""scene_type"": ""Sports broadcast - football match"",
  ""objects"": [
    ""football goal"",
    ""goal net"",
    ""football"",
    ""VAR room monitor"",
    ""VAR center control desk"",
    ""scoreboard overlay"",
    ""advertising boards (e.g., 'Cberge Resort')"",
    ""stadium seats"",
    ""VAR screen"",
    ""referee's jersey (yellow with 'GIVOVÁ' and 'TAGHeuer')"",
    ""player jerseys (red/yellow and white)""
  ],
  ""people"": [
    ""football players (one in red/yellow jersey #22, one in white jersey #17)"",
    ""goalkeeper (in red/yellow kit)"",
    ""referee (in yellow jersey, back to camera)"",
    ""VAR officials (in VAR room, seated at control desk)""
  ],
  ""activity"": ""A football match between ROM and VER is ongoing (score 2-0, 63:26 minutes played). The VAR system is currently reviewing a possible penalty for handball. The main screen shows a close-up of the goal area where a player in white (#17) appears to have made contact with the ball near the goal, while the goalkeeper and another player react. The VAR room is shown in a split-screen, with officials analyzing the incident on multiple monitors. The broadcast is presented by crypto.com.""
}",kickoff,0-0,,"**Detected Meaningful Event:**

✅ **VAR Review – Possible Handball Incident**

- **Event Type:** Sports – *Offside / Foul / Penalty Review*
- **Context:** During a football match between ROM and VER (score 2-0, 63:26 minutes played), the Video Assistant Referee (VAR) system is actively reviewing a potential handball incident.
- **Key Details:**
  - Player in white jersey (#17) appears to have made contact with the ball near the goal area.
  - Goalkeeper and another player (in red/yellow jersey #22) are reacting to the incident.
  - VAR officials are analyzing the play in real-time from the VAR room, using multiple monitors.
  - Broadcast includes split-screen view of the incident and VAR room, indicating high-level scrutiny.
- **Significance:** This is a critical moment in the match — a potential penalty decision could alter the game’s outcome. The VAR review suggests the incident is being evaluated for handball, which may lead to a penalty kick or a goal being disallowed.

---

**Additional Notable Observations:**

- **Scene Transition:** The broadcast has shifted from live gameplay to a VAR review, indicating a pause in normal play.
- **Action Change:** The on-field action has stopped; focus is now on the VAR decision-making process.
- **Broadcast Context:** The presence of ""crypto.com"" as the broadcaster and ""TAGHeuer"" on the referee’s jersey indicates a professional, high-profile match with commercial branding.

---

**Conclusion:**
The most meaningful event in this frame is the **VAR review of a possible handball incident**, which has the potential to directly impact the match’s score and momentum. This qualifies as a **critical sports event** requiring immediate attention from officials and viewers alike.",,
135.6s,"{
  ""scene_type"": ""football match"",
  ""objects"": [
    ""football goal"",
    ""advertising boards (1XBET, Auberge Resorts)"",
    ""corner flag"",
    ""field markings"",
    ""camera operator with equipment"",
    ""scoreboard overlay (ROM 2-0 VER, 65:07)""
  ],
  ""people"": [
    ""goalkeeper (green kit)"",
    ""football players (red kits - ROM, white kits - VER)"",
    ""referee (yellow kit)"",
    ""assistant referee (yellow kit, near corner flag)"",
    ""spectators/staff behind barriers"",
    ""camera operator""
  ],
  ""activity"": ""The match is in progress during the second half (65:07). Roma (in red) leads 2-0 against Verona (in white). Players are positioned near the Verona goal area, suggesting a recent attack or defensive phase. The goalkeeper is standing near his goal line, and players from both teams are spread across the penalty area and midfield. The referee is observing play near the center of the penalty box. The scene indicates a moment of transition or regrouping after an offensive attempt.""
}",kickoff,0-0,,"**Detected Meaningful Event:**

- **Action Change** – The scene indicates a moment of transition or regrouping after an offensive attempt, suggesting a shift in play dynamics (e.g., from attack to defense or vice versa).

- **Scene Transition** – While not a full scene change, the description implies a shift in the flow of play, possibly following a completed attacking move or defensive clearance.

- **General Match Context** – The scoreboard shows **ROM 2-0 VER at 65:07**, indicating the match is in the second half and Roma is leading comfortably. This context may influence player behavior and tactical decisions, though no specific event like a goal or foul is explicitly described.

**Note:** No explicit *sports-specific* events (e.g., goal, foul) are detected in this frame. The activity is described as a transitional phase, so the most meaningful events are **Action Change** and **Scene Transition** under the General category.",,
145.1s,"{
  ""scene_type"": ""football match"",
  ""objects"": [
    ""football field"",
    ""goal line"",
    ""center circle"",
    ""advertising boards"",
    ""scoreboard"",
    ""referee"",
    ""players"",
    ""ball""
  ],
  ""people"": [
    ""referee (yellow jersey)"",
    ""players in red jerseys (team ROM)"",
    ""players in white jerseys (team VER)"",
    ""substitutes or staff on sideline"",
    ""spectators in stands (background)""
  ],
  ""activity"": ""The match is in progress with ROM leading 2-0 against VER at 75:23 minutes. A player in white is in possession of the ball near the center circle, being closely marked by a player in red. Other players are positioned across the field, indicating active gameplay. The referee is observing the play closely. The scene suggests a midfield phase of the game, with both teams organizing their formations.""
}",kickoff,0-0,,"**Detected Meaningful Event:**

- **Action Change**: Midfield possession shift — a player in white (team VER) is in possession near the center circle, under pressure from a player in red (team ROM), indicating a transition in ball control and potential offensive build-up by VER.

- **Game Context Update**: Match is in progress at 75:23 minutes, with ROM leading 2-0 — this suggests a critical phase of the game where the trailing team (VER) may be attempting to mount a comeback.

- **Player Interaction**: Close marking by ROM player on VER player in possession — indicates defensive pressure and tactical engagement.

- **Referee Engagement**: Referee is actively observing the play — suggests potential for decision-making (e.g., foul, offside, or positioning call) if contact or infringement occurs.

**Note**: While no goal, foul, or other explicit event is currently occurring, the **action change** and **possession shift** are meaningful in the context of a live football match, especially given the scoreline and time remaining.",,
153.9s,"{
  ""scene_type"": ""sports field"",
  ""objects"": [
    ""football pitch"",
    ""white boundary line""
  ],
  ""people"": [
    {
      ""description"": ""male football player in white jersey with blue trim, short dark hair, visible neck tattoo, mouth open as if shouting or celebrating"",
      ""clothing"": ""white long-sleeve jersey with blue collar and sleeve details, white shorts"",
      ""action"": ""running or moving quickly, possibly celebrating""
    }
  ],
  ""activity"": ""football player celebrating or reacting during a match, likely after scoring or making a key play""
}",kickoff,0-0,,"**Detected Event: Goal**

**Reasoning:**
- The football player is actively celebrating (mouth open, possibly shouting, running quickly) — a behavior strongly associated with scoring a goal.
- The context is a football match on a pitch, and the player’s emotional and physical reaction is consistent with a significant positive event.
- While not explicitly stated, the combination of celebration, movement, and match context makes “Goal” the most meaningful and likely event.

**Alternative Consideration:**
- *Key Play* (e.g., assist, save, tackle) — possible, but celebration is more intense and specific to scoring.
- *Foul* — unlikely, as the player is celebrating, not reacting to pain or penalty.

✅ **Final Event: Goal**",,
160.3s,"{
  ""scene_type"": ""football match"",
  ""objects"": [
    ""football"",
    ""goal net"",
    ""advertising board"",
    ""referee"",
    ""goalkeeper"",
    ""players"",
    ""stadium seating""
  ],
  ""people"": [
    {
      ""name"": ""Folorunsho"",
      ""jersey_number"": 90,
      ""team"": ""white jersey"",
      ""action"": ""jumping to head the ball""
    },
    {
      ""name"": ""Lukaku"",
      ""jersey_number"": 90,
      ""team"": ""red jersey"",
      ""action"": ""standing near the ball, facing away from the camera""
    },
    {
      ""role"": ""goalkeeper"",
      ""jersey_color"": ""green"",
      ""action"": ""standing in goal, watching the play""
    },
    {
      ""role"": ""referee"",
      ""jersey_color"": ""yellow"",
      ""action"": ""running towards the goal area""
    }
  ],
  ""activity"": ""A player (Folorunsho) is attempting a header near the goal, while the goalkeeper and another player (Lukaku) are positioned nearby. The referee is observing the play closely. The scene suggests a critical moment in the match, possibly a scoring attempt.""
}",kickoff,0-0,,"**Detected Meaningful Event: Goal Attempt**

**Reasoning:**
- Player **Folorunsho** (white jersey, #90) is **jumping to head the ball** near the goal — a clear scoring attempt.
- The **goalkeeper** is **standing in goal, watching the play**, indicating readiness to react — typical during a shot or header.
- **Lukaku** (red jersey, #90) is **standing near the ball, facing away**, possibly defending or reacting to the play.
- The **referee is running towards the goal area**, suggesting the action is critical and requires close observation — common during scoring attempts or potential fouls.
- The **activity description** explicitly states: “a critical moment in the match, possibly a scoring attempt.”

**Event Classification:**
- **Sports → Goal Attempt**

> ✅ **Event Detected: Goal Attempt**  
> *Context: A player (Folorunsho) is heading the ball toward the goal in a critical moment, with goalkeeper and referee reacting — indicative of a scoring opportunity.*",,
170.7s,"{
  ""scene_type"": ""football match"",
  ""objects"": [
    ""football goal"",
    ""football field"",
    ""advertising boards"",
    ""scoreboard"",
    ""corner flag"",
    ""referee"",
    ""assistant referee"",
    ""stadium stands"",
    ""camera equipment""
  ],
  ""people"": [
    ""football players (in red and white kits)"",
    ""goalkeeper (in green kit)"",
    ""referee (in yellow kit)"",
    ""assistant referee (in yellow kit)"",
    ""spectators in stands"",
    ""stadium staff (in high-visibility vests)""
  ],
  ""activity"": ""A football match is in progress during stoppage time (90:14 +5). The score is ROM 2-1 VER. Players are positioned near the penalty area, with a player in red (likely from Roma) attempting a header or aerial challenge near the goal. The goalkeeper is observing the play. The referee and assistant referee are monitoring the action. The scene suggests a critical moment, possibly a corner or set-piece situation, as players are clustered near the goal.""
}",kickoff,0-0,,"**Detected Meaningful Event:**

**Event Type:** Sports — **Goal Attempt / Aerial Challenge**

**Description:**  
During stoppage time (90:14 +5) in a football match (ROM 2-1 VER), a player in red (likely from Roma) is attempting a header or aerial challenge near the goal. The goalkeeper (in green) is observing the play, and players are clustered near the penalty area — indicating a high-pressure, critical moment, possibly during a corner or set-piece. The referee and assistant referee are actively monitoring the action, suggesting potential for a scoring opportunity or foul.

**Contextual Significance:**  
This is a **high-stakes moment** in the match, with the scoreline close (2-1) and time running out. A successful header could lead to a goal, potentially changing the outcome of the game. The clustering of players near the goal and the presence of the goalkeeper in position indicate a **defensive or offensive set-piece situation**.

**Possible Follow-up Events (Predictive):**  
- Goal scored  
- Foul committed (e.g., handball, offside, dangerous play)  
- Goalkeeper save  
- Corner kick awarded  
- Free kick awarded  

**Recommendation:**  
Monitor closely for **goal**, **foul**, or **offside** — all are likely next events given the context.",,
181.5s,"{
  ""scene_type"": ""football match sideline"",
  ""objects"": [
    ""football field"",
    ""white boundary lines"",
    ""players' cleats (yellow and green)""
  ],
  ""people"": [
    {
      ""description"": ""man with beard, wearing black t-shirt and dark blazer, gesturing with right arm, likely a coach or manager"",
      ""role"": ""coach/manager""
    },
    {
      ""description"": ""person in dark blue hooded jacket, facing away from camera, possibly another coach or official"",
      ""role"": ""coach/official""
    },
    {
      ""description"": ""partial view of another person's head in the bottom right corner"",
      ""role"": ""spectator or staff""
    }
  ],
  ""activity"": ""two coaches or officials are interacting on the sideline during a football match, possibly discussing a decision or strategy; the man with the beard appears to be gesturing emphatically, suggesting a moment of tension or instruction.""
}",kickoff,0-0,,"**Detected Meaningful Event:**

**Event Type:** *Action change* (with contextual significance in sports)

**Description:**  
A coach/manager (man with beard, black t-shirt, dark blazer) is gesturing emphatically with his right arm while interacting with another official/coach on the sideline during a football match. This indicates a moment of heightened communication, likely involving strategic instruction, protest, or reaction to a recent play or referee decision.

**Contextual Interpretation:**  
While not a direct game event like a goal or foul, this is a **meaningful event** in the context of a football match — it reflects **coaching interaction** or **emotional response**, which can influence team dynamics or game flow. It may also signal a **potential dispute or appeal**, especially given the emphatic gesture and the presence of another official.

**Suggested Label:**  
> **Coach interaction / Coaching reaction**  
> *(Subtype: Action change — with sports context)*

This event is notable for its potential impact on the match’s atmosphere and decision-making, even if not directly altering the score or play.",,
190.2s,"{
  ""scene_type"": ""graphic_promotional"",
  ""objects"": [
    ""Serie A logo"",
    ""1XBET logo"",
    ""text: INTERNATIONAL PARTNER"",
    ""geometric background design (triangles and lines)""
  ],
  ""people"": [],
  ""activity"": ""Promotional display announcing 1XBET as the international partner of Serie A, with a stylized digital background.""
}",kickoff,0-0,,"**Event Detected: Promotional Announcement**

**Category:** General / Marketing

**Description:**  
A promotional graphic is displayed, announcing 1XBET as the international partner of Serie A. The scene features logos of both entities, along with stylized geometric background elements, indicating a formal partnership announcement.

**Meaningful Event:**  
- **Scene transition** (if this frame follows or precedes a different scene)  
- **Action change** (from gameplay or commentary to promotional content)  
- **Brand partnership announcement** (specific to sports marketing context)

**Note:** While not a dynamic event like a goal or accident, this frame marks a **significant informational shift** — a deliberate broadcast interruption or segment for sponsorship promotion, which is meaningful in the context of sports broadcasting and media content analysis.",,
195.6s,"{
  ""scene_type"": ""graphic_background"",
  ""objects"": [
    ""triangles"",
    ""text""
  ],
  ""people"": [],
  ""activity"": ""static_display""
}",kickoff,0-0,,"**Event Detected: Scene transition**

**Reasoning:**
The frame describes a `graphic_background` with static elements (`triangles`, `text`) and no people or dynamic activity (`activity: ""static_display""`). This suggests a non-interactive, possibly introductory or transitional visual state. In the context of video analysis, a shift to a graphic background with no ongoing action typically indicates a **scene transition** — such as moving from live footage to a title card, menu, or interstitial screen.

This aligns with the ""General"" category event: **Scene transition**.

✅ **Detected Event: Scene transition**",,
199.7s,"{
  ""scene_type"": ""graphic_background"",
  ""objects"": [
    ""triangles"",
    ""text""
  ],
  ""people"": [],
  ""activity"": ""static_display_of_graphic_elements_with_text""
}",kickoff,0-0,,"**Event Detected: Scene transition**

**Reasoning:**
The frame describes a `graphic_background` with static elements (triangles, text) and no people or dynamic activity. Since the activity is explicitly labeled as ""static_display_of_graphic_elements_with_text,"" this suggests a non-interactive, possibly introductory or transitional visual state. In the context of video analysis, such a frame often marks a **scene transition** — especially if it follows or precedes more dynamic content (e.g., live footage, action, or movement).

**Note:** If this is the first frame or follows a different scene type (e.g., live video, drone footage), the event is more clearly a **scene transition**. If it’s part of a continuous static display, it may not be an event — but given the general event category includes ""Scene transition,"" and the frame is explicitly static and graphical, it’s reasonable to classify this as a **scene transition** event.

✅ **Detected Event: Scene transition**",,
205.3s,"{
  ""scene_type"": ""graphic_background"",
  ""objects"": [
    ""triangular shapes"",
    ""geometric patterns"",
    ""text (SUBSCRIBE)""
  ],
  ""people"": [],
  ""activity"": ""static display of a stylized digital background with a call-to-action text""
}",kickoff,0-0,,"**Detected Event: Scene transition**

**Reasoning:**
The frame describes a ""graphic_background"" with static visual elements (triangular shapes, geometric patterns, and text ""SUBSCRIBE"") and no people or dynamic activity. This suggests a non-narrative, stylized visual typically used as an end-screen or transition in video content. Given the presence of a call-to-action (""SUBSCRIBE"") and the absence of ongoing action, this is most likely a **scene transition** — specifically, a transition to an end-card or outro sequence.

**Additional Note:**
While ""Action change"" could be considered, ""Scene transition"" is more precise here, as the frame represents a deliberate shift in visual context (e.g., from content to a call-to-action screen), not a change in ongoing behavior or movement.

✅ **Final Event: Scene transition**",,
